address,qualified_name,size_bytes,what
004da760,FUN_004da760,28,"std::map / std::set node, iterator or rebalancing code"
004ecf50,FUN_004ecf50,39,compiler-generated copy, fill or destroy of a game type (Rust Clone and Drop)
00502640,FUN_00502640,44,compiler-generated copy, fill or destroy of a game type (Rust Clone and Drop)
00502670,FUN_00502670,31,"std::vector growth, insertion or copy"
00502690,FUN_00502690,34,"std::map / std::set node, iterator or rebalancing code"
005026c0,FUN_005026c0,32,"std::map / std::set node, iterator or rebalancing code"
005026e0,FUN_005026e0,90,"std::map / std::set node, iterator or rebalancing code"
00502740,FUN_00502740,118,"std::map / std::set node, iterator or rebalancing code"
005027c0,FUN_005027c0,87,"std::map / std::set node, iterator or rebalancing code"
00502820,FUN_00502820,150,"std::map / std::set node, iterator or rebalancing code"
005028c0,FUN_005028c0,29,"std::map / std::set node, iterator or rebalancing code"
005028e0,FUN_005028e0,28,"std::map / std::set node, iterator or rebalancing code"
00502900,FUN_00502900,137,"std::map / std::set node, iterator or rebalancing code"
00502990,FUN_00502990,99,"std::map / std::set node, iterator or rebalancing code"
00502a00,FUN_00502a00,29,"std::map / std::set node, iterator or rebalancing code"
00502a20,FUN_00502a20,28,"std::map / std::set node, iterator or rebalancing code"
00502a40,FUN_00502a40,29,"std::map / std::set node, iterator or rebalancing code"
00502a60,FUN_00502a60,28,"std::map / std::set node, iterator or rebalancing code"
00502a80,FUN_00502a80,137,"std::map / std::set node, iterator or rebalancing code"
00502b10,FUN_00502b10,99,"std::map / std::set node, iterator or rebalancing code"
00502b80,FUN_00502b80,137,"std::map / std::set node, iterator or rebalancing code"
00502c10,FUN_00502c10,99,"std::map / std::set node, iterator or rebalancing code"
00502d40,FUN_00502d40,61,compiler-generated copy, fill or destroy of a game type (Rust Clone and Drop)
00502d80,FUN_00502d80,64,compiler-generated copy, fill or destroy of a game type (Rust Clone and Drop)
00502dc0,FUN_00502dc0,66,compiler-generated copy, fill or destroy of a game type (Rust Clone and Drop)
00503cc0,FUN_00503cc0,86,"std::map / std::set node, iterator or rebalancing code"
00503d20,FUN_00503d20,83,"std::map / std::set node, iterator or rebalancing code"
00503d80,FUN_00503d80,87,"std::map / std::set node, iterator or rebalancing code"
00503de0,FUN_00503de0,83,"std::map / std::set node, iterator or rebalancing code"
00503e40,FUN_00503e40,83,"std::map / std::set node, iterator or rebalancing code"
00503ea0,FUN_00503ea0,87,"std::map / std::set node, iterator or rebalancing code"
00503f00,FUN_00503f00,90,compiler-generated copy, fill or destroy of a game type (Rust Clone and Drop)
00503f60,FUN_00503f60,68,compiler-generated copy, fill or destroy of a game type (Rust Clone and Drop)
00504300,FUN_00504300,96,compiler-generated copy, fill or destroy of a game type (Rust Clone and Drop)
00504370,FUN_00504370,36,compiler-generated copy, fill or destroy of a game type (Rust Clone and Drop)
005043a0,FUN_005043a0,26,std::list node or splice code
005043c0,FUN_005043c0,26,std::list node or splice code
005043e0,FUN_005043e0,45,"std::map / std::set node, iterator or rebalancing code"
00504420,FUN_00504420,26,std::list node or splice code
00504440,FUN_00504440,26,std::list node or splice code
00504460,FUN_00504460,49,compiler-generated copy, fill or destroy of a game type (Rust Clone and Drop)
005044b0,FUN_005044b0,78,compiler-generated copy, fill or destroy of a game type (Rust Clone and Drop)
00504500,FUN_00504500,59,compiler-generated copy, fill or destroy of a game type (Rust Clone and Drop)
00504540,FUN_00504540,102,"std::map / std::set node, iterator or rebalancing code"
005045b0,FUN_005045b0,105,"std::map / std::set node, iterator or rebalancing code"
00504620,FUN_00504620,55,"std::map / std::set node, iterator or rebalancing code"
00504660,FUN_00504660,62,"std::map / std::set node, iterator or rebalancing code"
005046a0,FUN_005046a0,55,"std::map / std::set node, iterator or rebalancing code"
005046e0,FUN_005046e0,55,"std::map / std::set node, iterator or rebalancing code"
00504720,FUN_00504720,64,"std::map / std::set node, iterator or rebalancing code"
00504760,FUN_00504760,81,compiler-generated copy, fill or destroy of a game type (Rust Clone and Drop)
005047c0,FUN_005047c0,63,compiler-generated copy, fill or destroy of a game type (Rust Clone and Drop)
00504800,FUN_00504800,68,compiler-generated copy, fill or destroy of a game type (Rust Clone and Drop)
00504850,FUN_00504850,107,"std::map / std::set node, iterator or rebalancing code"
005048c0,FUN_005048c0,5,compiler-generated copy, fill or destroy of a game type (Rust Clone and Drop)
005048d0,FUN_005048d0,35,std::string member of an element: copy or destroy
00504900,FUN_00504900,146,"std::map / std::set node, iterator or rebalancing code"
005049d0,FUN_005049d0,44,compiler-generated copy, fill or destroy of a game type (Rust Clone and Drop)
00504e90,FUN_00504e90,43,std::string member of an element: copy or destroy
005051f0,FUN_005051f0,125,compiler-generated copy, fill or destroy of a game type (Rust Clone and Drop)
00505270,FUN_00505270,22,compiler-generated copy, fill or destroy of a game type (Rust Clone and Drop)
00505310,FUN_00505310,53,compiler-generated copy, fill or destroy of a game type (Rust Clone and Drop)
005054b0,FUN_005054b0,117,compiler-generated copy, fill or destroy of a game type (Rust Clone and Drop)
00505530,FUN_00505530,478,compiler-generated copy, fill or destroy of a game type (Rust Clone and Drop)
00505710,FUN_00505710,47,compiler-generated copy, fill or destroy of a game type (Rust Clone and Drop)
00505740,FUN_00505740,113,std::string member of an element: copy or destroy
005057c0,FUN_005057c0,43,compiler-generated copy, fill or destroy of a game type (Rust Clone and Drop)
00505bf0,FUN_00505bf0,56,compiler-generated copy, fill or destroy of a game type (Rust Clone and Drop)
00505ca0,FUN_00505ca0,151,std::list node or splice code
00505d40,FUN_00505d40,442,"std::map / std::set node, iterator or rebalancing code"
00505f00,FUN_00505f00,151,std::list node or splice code
00505fa0,FUN_00505fa0,151,std::list node or splice code
00506040,FUN_00506040,151,std::list node or splice code
005060e0,FUN_005060e0,645,"std::map / std::set node, iterator or rebalancing code"
005063a0,FUN_005063a0,681,"std::map / std::set node, iterator or rebalancing code"
00506690,FUN_00506690,86,"std::map / std::set node, iterator or rebalancing code"
005066f0,FUN_005066f0,105,std::string member of an element: copy or destroy
00506c50,FUN_00506c50,582,compiler-generated copy, fill or destroy of a game type (Rust Clone and Drop)
0050ed40,FUN_0050ed40,91,"std::vector growth, insertion or copy"
0050eda0,FUN_0050eda0,429,"std::map / std::set node, iterator or rebalancing code"
0050ef50,FUN_0050ef50,79,compiler-generated copy, fill or destroy of a game type (Rust Clone and Drop)
0050efa0,FUN_0050efa0,78,"std::map / std::set node, iterator or rebalancing code"
0050f000,FUN_0050f000,174,"std::map / std::set node, iterator or rebalancing code"
0050f0b0,FUN_0050f0b0,198,compiler-generated copy, fill or destroy of a game type (Rust Clone and Drop)
0050f180,FUN_0050f180,689,"std::vector growth, insertion or copy"
0050f450,FUN_0050f450,146,"std::map / std::set node, iterator or rebalancing code"
0050f500,FUN_0050f500,183,"std::vector growth, insertion or copy"
0050f5d0,FUN_0050f5d0,714,"std::map / std::set node, iterator or rebalancing code"
0050f8e0,FUN_0050f8e0,137,"std::map / std::set node, iterator or rebalancing code"
0050f980,FUN_0050f980,125,compiler-generated copy, fill or destroy of a game type (Rust Clone and Drop)
0050fa20,FUN_0050fa20,107,"std::map / std::set node, iterator or rebalancing code"
0050faa0,FUN_0050faa0,157,"std::map / std::set node, iterator or rebalancing code"
0050fb60,FUN_0050fb60,78,compiler-generated copy, fill or destroy of a game type (Rust Clone and Drop)
0050fbb0,FUN_0050fbb0,322,"std::vector growth, insertion or copy"
0050fff0,FUN_0050fff0,131,"std::map / std::set node, iterator or rebalancing code"
00510090,FUN_00510090,76,compiler-generated copy, fill or destroy of a game type (Rust Clone and Drop)
00510470,FUN_00510470,429,"std::map / std::set node, iterator or rebalancing code"
00510620,FUN_00510620,168,"std::vector growth, insertion or copy"
005106d0,FUN_005106d0,126,compiler-generated copy, fill or destroy of a game type (Rust Clone and Drop)
00510760,FUN_00510760,89,"std::map / std::set node, iterator or rebalancing code"
005107d0,FUN_005107d0,456,"std::map / std::set node, iterator or rebalancing code"
005109a0,FUN_005109a0,442,"std::map / std::set node, iterator or rebalancing code"
00510b60,FUN_00510b60,198,compiler-generated copy, fill or destroy of a game type (Rust Clone and Drop)
00510c30,FUN_00510c30,442,"std::map / std::set node, iterator or rebalancing code"
00510df0,FUN_00510df0,124,compiler-generated copy, fill or destroy of a game type (Rust Clone and Drop)
00510e90,FUN_00510e90,129,"std::map / std::set node, iterator or rebalancing code"
00510f20,FUN_00510f20,79,compiler-generated copy, fill or destroy of a game type (Rust Clone and Drop)
005117a0,FUN_005117a0,131,"std::map / std::set node, iterator or rebalancing code"
005118d0,FUN_005118d0,17,compiler-generated copy, fill or destroy of a game type (Rust Clone and Drop)
00511a30,FUN_00511a30,499,"std::map / std::set node, iterator or rebalancing code"
00511c30,FUN_00511c30,301,"std::map / std::set node, iterator or rebalancing code"
00511d60,FUN_00511d60,198,compiler-generated copy, fill or destroy of a game type (Rust Clone and Drop)
00511e30,FUN_00511e30,370,"std::map / std::set node, iterator or rebalancing code"
00511fb0,FUN_00511fb0,198,compiler-generated copy, fill or destroy of a game type (Rust Clone and Drop)
005120a0,FUN_005120a0,38,compiler-generated copy, fill or destroy of a game type (Rust Clone and Drop)
00512920,FUN_00512920,86,compiler-generated copy, fill or destroy of a game type (Rust Clone and Drop)
00512aa0,FUN_00512aa0,493,"std::map / std::set node, iterator or rebalancing code"
00512c90,FUN_00512c90,38,compiler-generated copy, fill or destroy of a game type (Rust Clone and Drop)
00512cd0,FUN_00512cd0,493,"std::map / std::set node, iterator or rebalancing code"
00512ec0,FUN_00512ec0,124,compiler-generated copy, fill or destroy of a game type (Rust Clone and Drop)
00512f60,FUN_00512f60,124,"std::map / std::set node, iterator or rebalancing code"
00513ba0,FUN_00513ba0,117,compiler-generated copy, fill or destroy of a game type (Rust Clone and Drop)
00513c80,FUN_00513c80,240,compiler-generated copy, fill or destroy of a game type (Rust Clone and Drop)
00513d80,FUN_00513d80,163,compiler-generated copy, fill or destroy of a game type (Rust Clone and Drop)
00514b40,FUN_00514b40,38,compiler-generated copy, fill or destroy of a game type (Rust Clone and Drop)
00515760,FUN_00515760,111,compiler-generated copy, fill or destroy of a game type (Rust Clone and Drop)
005157d0,FUN_005157d0,80,compiler-generated copy, fill or destroy of a game type (Rust Clone and Drop)
00515820,FUN_00515820,82,compiler-generated copy, fill or destroy of a game type (Rust Clone and Drop)
00515880,FUN_00515880,83,compiler-generated copy, fill or destroy of a game type (Rust Clone and Drop)
00515ff0,FUN_00515ff0,39,compiler-generated copy, fill or destroy of a game type (Rust Clone and Drop)
00516020,FUN_00516020,44,compiler-generated copy, fill or destroy of a game type (Rust Clone and Drop)
00516050,FUN_00516050,125,compiler-generated copy, fill or destroy of a game type (Rust Clone and Drop)
005160f0,FUN_005160f0,125,compiler-generated copy, fill or destroy of a game type (Rust Clone and Drop)
00516190,FUN_00516190,36,compiler-generated copy, fill or destroy of a game type (Rust Clone and Drop)
005161c0,FUN_005161c0,54,compiler-generated copy, fill or destroy of a game type (Rust Clone and Drop)
00516200,FUN_00516200,123,compiler-generated copy, fill or destroy of a game type (Rust Clone and Drop)
00516280,FUN_00516280,43,compiler-generated copy, fill or destroy of a game type (Rust Clone and Drop)
005162b0,FUN_005162b0,667,"std::vector growth, insertion or copy"
005165a0,FUN_005165a0,167,"std::vector growth, insertion or copy"
00516650,FUN_00516650,157,"std::vector growth, insertion or copy"
0051aa80,FUN_0051aa80,83,"std::map / std::set node, iterator or rebalancing code"
0051aae0,FUN_0051aae0,28,"std::map / std::set node, iterator or rebalancing code"
0051ab00,FUN_0051ab00,87,"std::map / std::set node, iterator or rebalancing code"
0051ab60,FUN_0051ab60,29,"std::map / std::set node, iterator or rebalancing code"
0051b720,FUN_0051b720,99,"std::map / std::set node, iterator or rebalancing code"
0051ba60,FUN_0051ba60,55,"std::map / std::set node, iterator or rebalancing code"
0051baa0,FUN_0051baa0,74,"std::map / std::set node, iterator or rebalancing code"
0051baf0,FUN_0051baf0,45,"std::map / std::set node, iterator or rebalancing code"
0051c460,FUN_0051c460,442,"std::map / std::set node, iterator or rebalancing code"
0051c620,FUN_0051c620,645,"std::map / std::set node, iterator or rebalancing code"
0052da00,FUN_0052da00,198,compiler-generated copy, fill or destroy of a game type (Rust Clone and Drop)
0052f090,FUN_0052f090,38,compiler-generated copy, fill or destroy of a game type (Rust Clone and Drop)
00538740,FUN_00538740,29,"std::map / std::set node, iterator or rebalancing code"
00538760,FUN_00538760,137,"std::map / std::set node, iterator or rebalancing code"
005391e0,FUN_005391e0,83,"std::map / std::set node, iterator or rebalancing code"
00539240,FUN_00539240,87,"std::map / std::set node, iterator or rebalancing code"
005393d0,FUN_005393d0,45,"std::map / std::set node, iterator or rebalancing code"
00539410,FUN_00539410,56,"std::map / std::set node, iterator or rebalancing code"
00539450,FUN_00539450,55,"std::map / std::set node, iterator or rebalancing code"
00539490,FUN_00539490,48,compiler-generated copy, fill or destroy of a game type (Rust Clone and Drop)
005394c0,FUN_005394c0,31,compiler-generated copy, fill or destroy of a game type (Rust Clone and Drop)
0053a260,FUN_0053a260,96,"std::map / std::set node, iterator or rebalancing code"
0053a2c0,FUN_0053a2c0,90,"std::vector growth, insertion or copy"
0053a320,FUN_0053a320,55,compiler-generated copy, fill or destroy of a game type (Rust Clone and Drop)
0053c3b0,FUN_0053c3b0,49,compiler-generated copy, fill or destroy of a game type (Rust Clone and Drop)
0053dd90,FUN_0053dd90,442,"std::map / std::set node, iterator or rebalancing code"
0053df50,FUN_0053df50,645,"std::map / std::set node, iterator or rebalancing code"
00540f70,FUN_00540f70,198,compiler-generated copy, fill or destroy of a game type (Rust Clone and Drop)
00541040,FUN_00541040,440,"std::vector growth, insertion or copy"
00541950,FUN_00541950,137,"std::vector growth, insertion or copy"
005419e0,FUN_005419e0,38,compiler-generated copy, fill or destroy of a game type (Rust Clone and Drop)
